Protocollo;Gruppo;DataOraIncidente;Localizzazione1;STRADA1;Localizzazione2;STRADA2;Strada02;Chilometrica;DaSpecificare;NaturaIncidente;particolaritastrade;TipoStrada;FondoStradale;Pavimentazione;Segnaletica;CondizioneAtmosferica;Traffico;Visibilita;Illuminazione;NUM_FERITI;NUM_RISERVATA;NUM_MORTI;NUM_ILLESI;Longitudine;Latitudine;Confermato;Progressivo;TipoVeicolo;StatoVeicolo;TipoPersona;Sesso;Tipolesione;Deceduto;DecedutoDopo;CinturaCascoUtilizzato;Airbag
2870922;10;23/06/2016 09:45;Comunale extraurbana;VIA TUSCOLANA;da specificare;;;;pross.tà inversione per via B. Petrocelli;Tamponamento Multiplo;Rettilineo;Due carreggiate;Asciutto;Asfaltata;Verticale ed orizzontale;Nuvoloso;Normale;Buona;Ore Diurne;0;0;0;3;12,60492;41,83545;-1;2;Autovettura privata;In marcia / fermata / arresto;Conducente;F;Illeso;0;;Non accertato;Inesploso
2870922;10;23/06/2016 09:45;Comunale extraurbana;VIA TUSCOLANA;da specificare;;;;pross.tà inversione per via B. Petrocelli;Tamponamento Multiplo;Rettilineo;Due carreggiate;Asciutto;Asfaltata;Verticale ed orizzontale;Nuvoloso;Normale;Buona;Ore Diurne;0;0;0;3;12,60492;41,83545;-1;3;Autovettura privata;In marcia / fermata / arresto;Conducente;M;Illeso;0;;Non accertato;Inesploso
2870930;3;22/06/2016 19:20;Strada Urbana;PIAZZA DELL'INDIPENDENZA;da specificare;;;;corsia Atac FC 10;Investimento di pedone;Rettilineo;Una carreggiata a doppio senso;Asciutto;Asfaltata;Verticale ed orizzontale;Sereno;Normale;Buona;Ore Diurne;1;0;0;1;12,50248;41,90438;-1;;;;Pedone;F;Rimandato;0;NON DECEDUTO;;
2870930;3;22/06/2016 19:20;Strada Urbana;PIAZZA DELL'INDIPENDENZA;da specificare;;;;corsia Atac FC 10;Investimento di pedone;Rettilineo;Una carreggiata a doppio senso;Asciutto;Asfaltata;Verticale ed orizzontale;Sereno;Normale;Buona;Ore Diurne;1;0;0;1;12,50248;41,90438;-1;1;Autobus di linea;In marcia / fermata / arresto;Conducente;M;Illeso;0;;Non accertato;Inesploso
2870934;3;23/06/2016 00:40;Strada Urbana;LARGO SOMALIA;in prossimità;;del civico n.;38;;Veicolo in marcia contro ostacolo fisso;Rettilineo;Una carreggiata a doppio senso;Asciutto;Asfaltata;Verticale ed orizzontale;Sereno;Normale;Sufficiente;Sufficiente;1;0;0;0;12,51556;41,93591;-1;1;Motociclo a solo;In marcia / fermata / arresto;Conducente;M;Rimandato;0;NON DECEDUTO;Non accertato;
2870942;1;23/06/2016 10:00;Strada Urbana;VIA FERDINANDO DI SAVOIA;all'intersezione con;VIA MARIA ADELAIDE;VIA MARIA ADELAIDE;;;Veicolo in marcia contro ostacolo accidentale;Incrocio;Una carreggiata a senso unico di marcia;Viscido da liquidi oleosi;Asfaltata;Verticale ed orizzontale;Sereno;Normale;Buona;Ore Diurne;1;0;0;0;12,4743;41,91025;-1;1;Motociclo a solo;In marcia / fermata / arresto;Conducente;M;Rifiuta cure immediate;0;NON DECEDUTO;Non accertato;
2870943;1;22/06/2016 18:45;Strada Urbana;PIAZZA DEL POPOLO;all'intersezione con;VIA FERDINANDO DI SAVOIA;VIA FERDINANDO DI SAVOIA;;;Veicolo in marcia contro ostacolo fisso;Incrocio;Una carreggiata a senso unico di marcia;Asciutto;Acciotolata;Verticale ed orizzontale;Sereno;Normale;Buona;Ore Diurne;0;0;0;1;12,47643;41,91042;-1;1;Autocarro inferiore 35 q.;In marcia / fermata / arresto;Conducente;M;Illeso;0;;Non accertato;Inesploso
2870946;4;23/06/2016 04:20;Strada Urbana;VIALE KANT;all'intersezione semaforizzata con;VIA NOMENTANA;VIA NOMENTANA;;;Veicolo in marcia contro veicolo in sosta;Intersezione semaforizzata;Due carreggiate;Asciutto;Asfaltata;Verticale ed orizzontale;Sereno;Scarso;Buona;Sufficiente;0;0;0;2;12,55238;41,94111;-1;1;Autovettura di polizia;In marcia / fermata / arresto;Conducente;M;Illeso;0;;Non accertato;Inesploso
2870946;4;23/06/2016 04:20;Strada Urbana;VIALE KANT;all'intersezione semaforizzata con;VIA NOMENTANA;VIA NOMENTANA;;;Veicolo in marcia contro veicolo in sosta;Intersezione semaforizzata;Due carreggiate;Asciutto;Asfaltata;Verticale ed orizzontale;Sereno;Scarso;Buona;Sufficiente;0;0;0;2;12,55238;41,94111;-1;1;Autovettura di polizia;In marcia / fermata / arresto;Passeggero;M;Illeso;0;;Non accertato;Inesploso
2870953;4;22/06/2016 15:15;Statale entro l'abitato;VIA SALARIA;da specificare;;;;fronte civico 729;Tamponamento Multiplo;Rettilineo;Due carreggiate;Asciutto;Asfaltata;Assente;Sereno;Normale;Buona;Ore Diurne;2;0;0;2;12,50624;41,96289;-1;1;Autovettura privata;In marcia / fermata / arresto;Conducente;M;Illeso;0;;Non accertato;
2870953;4;22/06/2016 15:15;Statale entro l'abitato;VIA SALARIA;da specificare;;;;fronte civico 729;Tamponamento Multiplo;Rettilineo;Due carreggiate;Asciutto;Asfaltata;Assente;Sereno;Normale;Buona;Ore Diurne;2;0;0;2;12,50624;41,96289;-1;2;Autovettura privata;In marcia / fermata / arresto;Conducente;M;Illeso;0;;Non accertato;
2870953;4;22/06/2016 15:15;Statale entro l'abitato;VIA SALARIA;da specificare;;;;fronte civico 729;Tamponamento Multiplo;Rettilineo;Due carreggiate;Asciutto;Asfaltata;Assente;Sereno;Normale;Buona;Ore Diurne;2;0;0;2;12,50624;41,96289;-1;3;Autovettura privata;In marcia / fermata / arresto;Conducente;F;Rimandato;0;NON DECEDUTO;Non accertato;
2870953;4;22/06/2016 15:15;Statale entro l'abitato;VIA SALARIA;da specificare;;;;fronte civico 729;Tamponamento Multiplo;Rettilineo;Due carreggiate;Asciutto;Asfaltata;Assente;Sereno;Normale;Buona;Ore Diurne;2;0;0;2;12,50624;41,96289;-1;4;Autovettura privata;In marcia / fermata / arresto;Conducente;F;Rimandato;0;NON DECEDUTO;Non accertato;Esploso
2870965;7;23/06/2016 07:55;Strada Urbana;VIA DI TOR CERVARA;all'intersezione con;VIA ALESSANDRO MAGNASCO;VIA ALESSANDRO MAGNASCO;;;Scontro frontale/laterale SX fra veicoli in marcia;Incrocio;Una carreggiata a doppio senso;Asciutto;Asfaltata;Verticale;Sereno;Intenso;Buona;Ore Diurne;1;0;0;1;12,5884;41,90918;-1;1;Autovettura privata;In marcia / fermata / arresto;Conducente;M;Illeso;0;;Non accertato;Inesploso
2870965;7;23/06/2016 07:55;Strada Urbana;VIA DI TOR CERVARA;all'intersezione con;VIA ALESSANDRO MAGNASCO;VIA ALESSANDRO MAGNASCO;;;Scontro frontale/laterale SX fra veicoli in marcia;Incrocio;Una carreggiata a doppio senso;Asciutto;Asfaltata;Verticale;Sereno;Intenso;Buona;Ore Diurne;1;0;0;1;12,5884;41,90918;-1;2;Motociclo a solo;In marcia / fermata / arresto;Conducente;M;Rimandato;0;NON DECEDUTO;Non accertato;
2870997;4;23/06/2016 01:15;Strada Urbana;VIALE TIZIANO;all'intersezione con;VIA FRANCESCO JACOVACCI;VIA FRANCESCO JACOVACCI;;;Scontro laterale fra veicoli in marcia;Intersezione stradale segnalata;Una carreggiata a senso unico di marcia;Asciutto;Asfaltata;Orizzontale;Sereno;Scarso;Buona;Sufficiente;0;0;0;2;12,4707;41,92648;-1;1;Ciclomotore;In marcia / fermata / arresto;Conducente;F;Illeso;0;;;
2870997;4;23/06/2016 01:15;Strada Urbana;VIALE TIZIANO;all'intersezione con;VIA FRANCESCO JACOVACCI;VIA FRANCESCO JACOVACCI;;;Scontro laterale fra veicoli in marcia;Intersezione stradale segnalata;Una carreggiata a senso unico di marcia;Asciutto;Asfaltata;Orizzontale;Sereno;Scarso;Buona;Sufficiente;0;0;0;2;12,4707;41,92648;-1;2;Autovettura pubblica;In marcia / fermata / arresto;Conducente;M;Illeso;0;;Non accertato;
2871066;6;22/06/2016 15:20;Strada Urbana;VIA COLLATINA;all'intersezione con;VIALE GIOVANNI BATTISTA VALENTE;VIALE GIOVANNI BATTISTA VALENTE;;;Scontro frontale/laterale DX fra veicoli in marcia;Incrocio;Una carreggiata a doppio senso;Asciutto;Asfaltata;Verticale ed orizzontale;Sereno;Normale;Buona;Ore Diurne;0;0;0;3;12,56655;41,89522;-1;1;Autovettura privata;In marcia / fermata / arresto;Conducente;M;Illeso;0;;;
2871066;6;22/06/2016 15:20;Strada Urbana;VIA COLLATINA;all'intersezione con;VIALE GIOVANNI BATTISTA VALENTE;VIALE GIOVANNI BATTISTA VALENTE;;;Scontro frontale/laterale DX fra veicoli in marcia;Incrocio;Una carreggiata a doppio senso;Asciutto;Asfaltata;Verticale ed orizzontale;Sereno;Normale;Buona;Ore Diurne;0;0;0;3;12,56655;41,89522;-1;2;Autovettura privata;In marcia / fermata / arresto;Conducente;M;Illeso;0;;;
2871066;6;22/06/2016 15:20;Strada Urbana;VIA COLLATINA;all'intersezione con;VIALE GIOVANNI BATTISTA VALENTE;VIALE GIOVANNI BATTISTA VALENTE;;;Scontro frontale/laterale DX fra veicoli in marcia;Incrocio;Una carreggiata a doppio senso;Asciutto;Asfaltata;Verticale ed orizzontale;Sereno;Normale;Buona;Ore Diurne;0;0;0;3;12,56655;41,89522;-1;2;Autovettura privata;In marcia / fermata / arresto;Passeggero;M;Illeso;0;;;
2871071;13;22/06/2016 23:30;Strada Urbana;VIA ALESSANDRO PIOLA CASELLI;all'intersezione con;VIA RAFFAELE DE COSA;VIA RAFFAELE DE COSA;;;Veicolo in marcia contro veicolo fermo;Incrocio;Una carreggiata a doppio senso;Asciutto;Asfaltata;Assente;Sereno;Scarso;Buona;Sufficiente;0;0;0;2;12,28493;41,73838;-1;1;Autovettura privata;In marcia / fermata / arresto;Conducente;F;Illeso;0;;;
2871071;13;22/06/2016 23:30;Strada Urbana;VIA ALESSANDRO PIOLA CASELLI;all'intersezione con;VIA RAFFAELE DE COSA;VIA RAFFAELE DE COSA;;;Veicolo in marcia contro veicolo fermo;Incrocio;Una carreggiata a doppio senso;Asciutto;Asfaltata;Assente;Sereno;Scarso;Buona;Sufficiente;0;0;0;2;12,28493;41,73838;-1;2;Autovettura privata;In marcia / fermata / arresto;Conducente;F;Illeso;0;;;
2871088;20;23/06/2016 11:45;Statale entro l'abitato;VIA CASSIA;in corrispondenza;;del civico n.;1421;;Tamponamento;Rettilineo;Una carreggiata a doppio senso;Asciutto;Asfaltata;Verticale ed orizzontale;Nuvoloso;Normale;Buona;Ore Diurne;0;0;0;3;12,39681;41,99132;-1;1;Autovettura privata;In marcia / fermata / arresto;Conducente;M;Illeso;0;;;
2871088;20;23/06/2016 11:45;Statale entro l'abitato;VIA CASSIA;in corrispondenza;;del civico n.;1421;;Tamponamento;Rettilineo;Una carreggiata a doppio senso;Asciutto;Asfaltata;Verticale ed orizzontale;Nuvoloso;Normale;Buona;Ore Diurne;0;0;0;3;12,39681;41,99132;-1;1;Autovettura privata;In marcia / fermata / arresto;Passeggero;M;Illeso;0;;Non accertato;Inesistente
2871088;20;23/06/2016 11:45;Statale entro l'abitato;VIA CASSIA;in corrispondenza;;del civico n.;1421;;Tamponamento;Rettilineo;Una carreggiata a doppio senso;Asciutto;Asfaltata;Verticale ed orizzontale;Nuvoloso;Normale;Buona;Ore Diurne;0;0;0;3;12,39681;41,99132;-1;2;Autovettura privata;In marcia / fermata / arresto;Conducente;M;Illeso;0;;;
2871127;12;23/06/2016 08:24;Regionale entro l'abitato;VIA PONTINA;in corrispondenza;;della chilometrica;12.15;;Tamponamento Multiplo;Rettilineo;Due carreggiate;Asciutto;Asfaltata;Verticale ed orizzontale;Sereno;Intenso;Buona;Ore Diurne;0;0;0;3;12,45551;41,80535;-1;1;Autovettura privata;In marcia / fermata / arresto;Conducente;F;Illeso;0;;Utilizzato;Inesploso
2871127;12;23/06/2016 08:24;Regionale entro l'abitato;VIA PONTINA;in corrispondenza;;della chilometrica;12.15;;Tamponamento Multiplo;Rettilineo;Due carreggiate;Asciutto;Asfaltata;Verticale ed orizzontale;Sereno;Intenso;Buona;Ore Diurne;0;0;0;3;12,45551;41,80535;-1;2;Autovettura privata;In marcia / fermata / arresto;Conducente;F;Illeso;0;;Utilizzato;Inesploso
2871127;12;23/06/2016 08:24;Regionale entro l'abitato;VIA PONTINA;in corrispondenza;;della chilometrica;12.15;;Tamponamento Multiplo;Rettilineo;Due carreggiate;Asciutto;Asfaltata;Verticale ed orizzontale;Sereno;Intenso;Buona;Ore Diurne;0;0;0;3;12,45551;41,80535;-1;3;Autovettura privata;In marcia / fermata / arresto;Conducente;M;Illeso;0;;Utilizzato;Inesploso
2871141;6;23/06/2016 01:00;Strada Urbana;VIA TUSCOLANA;in corrispondenza;;del civico n.;199;;Scontro frontale/laterale SX fra veicoli in marcia;Rettilineo;Una carreggiata a doppio senso;Asciutto;Asfaltata;Verticale ed orizzontale;Sereno;Scarso;Buona;Sufficiente;1;0;0;3;12,52176;41,87945;-1;1;Motociclo a solo;In marcia / fermata / arresto;Conducente;M;Rimandato;0;NON DECEDUTO;;
2871141;6;23/06/2016 01:00;Strada Urbana;VIA TUSCOLANA;in corrispondenza;;del civico n.;199;;Scontro frontale/laterale SX fra veicoli in marcia;Rettilineo;Una carreggiata a doppio senso;Asciutto;Asfaltata;Verticale ed orizzontale;Sereno;Scarso;Buona;Sufficiente;1;0;0;3;12,52176;41,87945;-1;2;Autovettura privata;In marcia / fermata / arresto;Conducente;M;Illeso;0;;;
2871141;6;23/06/2016 01:00;Strada Urbana;VIA TUSCOLANA;in corrispondenza;;del civico n.;199;;Scontro frontale/laterale SX fra veicoli in marcia;Rettilineo;Una carreggiata a doppio senso;Asciutto;Asfaltata;Verticale ed orizzontale;Sereno;Scarso;Buona;Sufficiente;1;0;0;3;12,52176;41,87945;-1;2;Autovettura privata;In marcia / fermata / arresto;Passeggero;M;Illeso;0;;;
2871141;6;23/06/2016 01:00;Strada Urbana;VIA TUSCOLANA;in corrispondenza;;del civico n.;199;;Scontro frontale/laterale SX fra veicoli in marcia;Rettilineo;Una carreggiata a doppio senso;Asciutto;Asfaltata;Verticale ed orizzontale;Sereno;Scarso;Buona;Sufficiente;1;0;0;3;12,52176;41,87945;-1;2;Autovettura privata;In marcia / fermata / arresto;Passeggero;F;Illeso;0;;;
2871153;19;23/06/2016 10:00;Strada Urbana;VIA ANDREA BALDI;all'intersezione con;VIA UGO DE CAROLIS;VIA UGO DE CAROLIS;;;Scontro frontale/laterale DX fra veicoli in marcia;Incrocio;Una carreggiata a senso unico di marcia;Asciutto;Asfaltata;Assente;Sereno;Normale;Buona;Ore Diurne;0;0;0;2;12,43873;41,91813;-1;1;Autovettura privata;In marcia / fermata / arresto;Conducente;M;Illeso;0;;Non accertato;Inesploso
2871153;19;23/06/2016 10:00;Strada Urbana;VIA ANDREA BALDI;all'intersezione con;VIA UGO DE CAROLIS;VIA UGO DE CAROLIS;;;Scontro frontale/laterale DX fra veicoli in marcia;Incrocio;Una carreggiata a senso unico di marcia;Asciutto;Asfaltata;Assente;Sereno;Normale;Buona;Ore Diurne;0;0;0;2;12,43873;41,91813;-1;2;Autovettura privata;In marcia / fermata / arresto;Conducente;M;Illeso;0;;Non accertato;Inesploso
2871253;2;22/06/2016 15:30;Strada Urbana;PIAZZA GONDAR;all'intersezione semaforizzata con;VIA DELLE VALLI;VIA DELLE VALLI;;;Investimento di pedone;Intersezione semaforizzata;Due carreggiate;Asciutto;Asfaltata;Verticale ed orizzontale;Sereno;Normale;Buona;Ore Diurne;1;0;0;0;12,52099;41,93331;-1;;;;Pedone;M;Rifiuta cure immediate;0;NON DECEDUTO;;
2871260;10;23/06/2016 13:50;Strada Urbana;VIA TUSCOLANA;all'intersezione con;VIA OTELLO STEFANINI;VIA OTELLO STEFANINI;;;Veicolo in marcia contro veicolo in sosta;Incrocio;Due carreggiate;Asciutto;Asfaltata;Verticale ed orizzontale;Sereno;Scarso;Buona;Ore Diurne;0;0;0;1;12,58379;41,84347;-1;1;Autovettura privata;In marcia / fermata / arresto;Conducente;M;Illeso;0;;Non accertato;Inesploso
2871289;11;23/06/2016 13:00;Strada Urbana;VIA OSTIENSE;in prossimità;;del civico n.;160c;;Veicolo in marcia contro veicolo in sosta;Rettilineo;Più di due carreggiate;Asciutto;Asfaltata;Verticale ed orizzontale;Nuvoloso;Normale;Buona;Ore Diurne;1;0;0;1;12,47859;41,86483;-1;1;Autovettura privata;In marcia / fermata / arresto;Conducente;M;Illeso;0;;Non accertato;
2871289;11;23/06/2016 13:00;Strada Urbana;VIA OSTIENSE;in prossimità;;del civico n.;160c;;Veicolo in marcia contro veicolo in sosta;Rettilineo;Più di due carreggiate;Asciutto;Asfaltata;Verticale ed orizzontale;Nuvoloso;Normale;Buona;Ore Diurne;1;0;0;1;12,47859;41,86483;-1;2;Autovettura privata;In marcia / fermata / arresto;Conducente;F;Rimandato;0;NON DECEDUTO;;
2871338;12;22/06/2016 10:30;Strada Urbana;VIA ANDREA MILLEVOI;da specificare;;;;altezza largo Fabio Montagna;Scontro laterale fra veicoli in marcia;Curva a visuale libera;Una carreggiata a doppio senso;Asciutto;Asfaltata;Verticale ed orizzontale;Sereno;Normale;Buona;Ore Diurne;1;0;0;1;12,51725;41,82072;-1;1;Autocarro inferiore 35 q.;In marcia / fermata / arresto;Conducente;M;Illeso;0;;Non accertato;Inesistente
2871338;12;22/06/2016 10:30;Strada Urbana;VIA ANDREA MILLEVOI;da specificare;;;;altezza largo Fabio Montagna;Scontro laterale fra veicoli in marcia;Curva a visuale libera;Una carreggiata a doppio senso;Asciutto;Asfaltata;Verticale ed orizzontale;Sereno;Normale;Buona;Ore Diurne;1;0;0;1;12,51725;41,82072;-1;2;Motociclo a solo;In marcia / fermata / arresto;Conducente;M;Rimandato;0;NON DECEDUTO;Utilizzato;
2871417;12;22/06/2016 07:00;Strada Urbana;VIA DI PORTA MEDAGLIA;da specificare;;;;altezza via Torre S. Anastasia;Scontro laterale fra veicoli in marcia;Curva senza visuale libera;Una carreggiata a doppio senso;Asciutto;Asfaltata;Orizzontale;Sereno;Scarso;Buona;Ore Diurne;0;0;0;3;12,52288;41,76144;-1;1;Autovettura privata;In marcia / fermata / arresto;Conducente;M;Illeso;0;;Non accertato;Inesistente
2871417;12;22/06/2016 07:00;Strada Urbana;VIA DI PORTA MEDAGLIA;da specificare;;;;altezza via Torre S. Anastasia;Scontro laterale fra veicoli in marcia;Curva senza visuale libera;Una carreggiata a doppio senso;Asciutto;Asfaltata;Orizzontale;Sereno;Scarso;Buona;Ore Diurne;0;0;0;3;12,52288;41,76144;-1;2;Motrice;In marcia / fermata / arresto;Conducente;M;Illeso;0;;Non accertato;Inesistente
2871417;12;22/06/2016 07:00;Strada Urbana;VIA DI PORTA MEDAGLIA;da specificare;;;;altezza via Torre S. Anastasia;Scontro laterale fra veicoli in marcia;Curva senza visuale libera;Una carreggiata a doppio senso;Asciutto;Asfaltata;Orizzontale;Sereno;Scarso;Buona;Ore Diurne;0;0;0;3;12,52288;41,76144;-1;3;Rimorchio;In marcia / fermata / arresto;Conducente;M;Illeso;0;;;
2871499;11;23/06/2016 15:00;Strada Urbana;VIALE DEL TINTORETTO;da specificare;;;;fronte civico 88;Scontro laterale fra veicoli in marcia;Rettilineo;Due carreggiate;Asciutto;Asfaltata;Verticale ed orizzontale;Sereno;Normale;Buona;Ore Diurne;0;0;0;2;12,48855;41,83483;-1;1;Autovettura privata;In marcia / fermata / arresto;Conducente;M;Illeso;0;;Non accertato;Inesploso
2871499;11;23/06/2016 15:00;Strada Urbana;VIALE DEL TINTORETTO;da specificare;;;;fronte civico 88;Scontro laterale fra veicoli in marcia;Rettilineo;Due carreggiate;Asciutto;Asfaltata;Verticale ed orizzontale;Sereno;Normale;Buona;Ore Diurne;0;0;0;2;12,48855;41,83483;-1;2;Autovettura privata;In marcia / fermata / arresto;Conducente;M;Illeso;0;;Non accertato;Inesploso
2871500;20;23/06/2016 15:40;Strada Urbana;VIA DI BACCANELLO;all'intersezione con;VIA ANTONIO CANTELE;VIA ANTONIO CANTELE;;;Scontro laterale fra veicoli in marcia;Intersezione stradale segnalata;Una carreggiata a doppio senso;Asciutto;Asfaltata;Assente;Sereno;Normale;Buona;Ore Diurne;0;0;0;2;12,33874;42,06785;-1;1;Autocarro inferiore 35 q.;In marcia / fermata / arresto;Conducente;M;Illeso;0;;Non accertato;Inesploso
2871500;20;23/06/2016 15:40;Strada Urbana;VIA DI BACCANELLO;all'intersezione con;VIA ANTONIO CANTELE;VIA ANTONIO CANTELE;;;Scontro laterale fra veicoli in marcia;Intersezione stradale segnalata;Una carreggiata a doppio senso;Asciutto;Asfaltata;Assente;Sereno;Normale;Buona;Ore Diurne;0;0;0;2;12,33874;42,06785;-1;2;Autovettura privata;In marcia / fermata / arresto;Conducente;F;Illeso;0;;Non accertato;Inesploso
2871532;10;23/06/2016 16:00;Strada Urbana;VIA FILIPPO SERAFINI;all'intersezione semaforizzata con;VIALE PALMIRO TOGLIATTI;VIALE PALMIRO TOGLIATTI;;;Scontro laterale fra veicoli in marcia;Incrocio;Una carreggiata a senso unico di marcia;Asciutto;Asfaltata;Verticale ed orizzontale;Sereno;Normale;Buona;Ore Diurne;0;0;0;2;12,57016;41,86077;-1;1;Autovettura privata;In marcia / fermata / arresto;Conducente;F;Illeso;0;;Non accertato;
2871532;10;23/06/2016 16:00;Strada Urbana;VIA FILIPPO SERAFINI;all'intersezione semaforizzata con;VIALE PALMIRO TOGLIATTI;VIALE PALMIRO TOGLIATTI;;;Scontro laterale fra veicoli in marcia;Incrocio;Una carreggiata a senso unico di marcia;Asciutto;Asfaltata;Verticale ed orizzontale;Sereno;Normale;Buona;Ore Diurne;0;0;0;2;12,57016;41,86077;-1;2;Autovettura privata;In marcia / fermata / arresto;Conducente;F;Illeso;0;;Non accertato;Inesploso
2871605;1;23/06/2016 13:30;Strada Urbana;VIA DRUSO;all'intersezione semaforizzata con;PIAZZA DI PORTA METRONIA;PIAZZA DI PORTA METRONIA;;;Scontro laterale fra veicoli in marcia;Intersezione semaforizzata;Una carreggiata a doppio senso;Asciutto;Asfaltata;Verticale ed orizzontale;Sereno;Normale;Buona;Ore Diurne;0;0;0;2;12,49712;41,88103;-1;1;Autovettura privata;In marcia / fermata / arresto;Conducente;M;Illeso;0;;Non accertato;
2871605;1;23/06/2016 13:30;Strada Urbana;VIA DRUSO;all'intersezione semaforizzata con;PIAZZA DI PORTA METRONIA;PIAZZA DI PORTA METRONIA;;;Scontro laterale fra veicoli in marcia;Intersezione semaforizzata;Una carreggiata a doppio senso;Asciutto;Asfaltata;Verticale ed orizzontale;Sereno;Normale;Buona;Ore Diurne;0;0;0;2;12,49712;41,88103;-1;2;Autovettura privata;In marcia / fermata / arresto;Conducente;F;Illeso;0;;Non accertato;
2871624;6;23/06/2016 16:00;Strada Urbana;VIA DI PORTA FURBA;da specificare;;;;altezza Via del Mandrione;Tamponamento Multiplo;Rettilineo;Una carreggiata a doppio senso;Asciutto;Asfaltata;Orizzontale;Sereno;Normale;Buona;Ore Diurne;0;0;0;5;12,53952;41,87046;-1;1;Autocarro inferiore 35 q.;In marcia / fermata / arresto;Conducente;M;Illeso;0;;Non accertato;Inesploso
2871624;6;23/06/2016 16:00;Strada Urbana;VIA DI PORTA FURBA;da specificare;;;;altezza Via del Mandrione;Tamponamento Multiplo;Rettilineo;Una carreggiata a doppio senso;Asciutto;Asfaltata;Orizzontale;Sereno;Normale;Buona;Ore Diurne;0;0;0;5;12,53952;41,87046;-1;2;Autovettura privata;In marcia / fermata / arresto;Conducente;M;Illeso;0;;;
2871624;6;23/06/2016 16:00;Strada Urbana;VIA DI PORTA FURBA;da specificare;;;;altezza Via del Mandrione;Tamponamento Multiplo;Rettilineo;Una carreggiata a doppio senso;Asciutto;Asfaltata;Orizzontale;Sereno;Normale;Buona;Ore Diurne;0;0;0;5;12,53952;41,87046;-1;3;Autovettura privata;In marcia / fermata / arresto;Conducente;F;Illeso;0;;Non accertato;Inesploso
2871624;6;23/06/2016 16:00;Strada Urbana;VIA DI PORTA FURBA;da specificare;;;;altezza Via del Mandrione;Tamponamento Multiplo;Rettilineo;Una carreggiata a doppio senso;Asciutto;Asfaltata;Orizzontale;Sereno;Normale;Buona;Ore Diurne;0;0;0;5;12,53952;41,87046;-1;4;Autovettura privata;In marcia / fermata / arresto;Conducente;M;Illeso;0;;;
2871624;6;23/06/2016 16:00;Strada Urbana;VIA DI PORTA FURBA;da specificare;;;;altezza Via del Mandrione;Tamponamento Multiplo;Rettilineo;Una carreggiata a doppio senso;Asciutto;Asfaltata;Orizzontale;Sereno;Normale;Buona;Ore Diurne;0;0;0;5;12,53952;41,87046;-1;4;Autovettura privata;In marcia / fermata / arresto;Passeggero;F;Illeso;0;;Non accertato;Inesploso
2871635;1;23/06/2016 10:40;Strada Urbana;VIALE DI TRASTEVERE;all'intersezione semaforizzata con;PIAZZA SIDNEY SONNINO;PIAZZA SIDNEY SONNINO;;;Scontro frontale/laterale DX fra veicoli in marcia;Intersezione semaforizzata;Più di due carreggiate;Asciutto;Asfaltata;Orizzontale;Sereno;Normale;Buona;Ore Diurne;1;0;0;3;12,47383;41,88881;-1;1;Autovettura pubblica;In marcia / fermata / arresto;Conducente;M;Illeso;0;;Non accertato;Inesploso
2871635;1;23/06/2016 10:40;Strada Urbana;VIALE DI TRASTEVERE;all'intersezione semaforizzata con;PIAZZA SIDNEY SONNINO;PIAZZA SIDNEY SONNINO;;;Scontro frontale/laterale DX fra veicoli in marcia;Intersezione semaforizzata;Più di due carreggiate;Asciutto;Asfaltata;Orizzontale;Sereno;Normale;Buona;Ore Diurne;1;0;0;3;12,47383;41,88881;-1;1;Autovettura pubblica;In marcia / fermata / arresto;Passeggero;M;Rimandato;0;NON DECEDUTO;Non accertato;
2871635;1;23/06/2016 10:40;Strada Urbana;VIALE DI TRASTEVERE;all'intersezione semaforizzata con;PIAZZA SIDNEY SONNINO;PIAZZA SIDNEY SONNINO;;;Scontro frontale/laterale DX fra veicoli in marcia;Intersezione semaforizzata;Più di due carreggiate;Asciutto;Asfaltata;Orizzontale;Sereno;Normale;Buona;Ore Diurne;1;0;0;3;12,47383;41,88881;-1;2;Autovettura privata;In marcia / fermata / arresto;Conducente;M;Illeso;0;;Non accertato;Inesploso
2871635;1;23/06/2016 10:40;Strada Urbana;VIALE DI TRASTEVERE;all'intersezione semaforizzata con;PIAZZA SIDNEY SONNINO;PIAZZA SIDNEY SONNINO;;;Scontro frontale/laterale DX fra veicoli in marcia;Intersezione semaforizzata;Più di due carreggiate;Asciutto;Asfaltata;Orizzontale;Sereno;Normale;Buona;Ore Diurne;1;0;0;3;12,47383;41,88881;-1;2;Autovettura privata;In marcia / fermata / arresto;Passeggero;F;Illeso;0;;Non accertato;Inesploso
2871639;9;23/06/2016 15:20;Strada Urbana;PIAZZA DEI RE DI ROMA;in prossimità;;del civico n.;53;;Scontro laterale fra veicoli in marcia;Rettilineo;Una carreggiata a senso unico di marcia;Asciutto;Asfaltata;Verticale ed orizzontale;Sereno;Normale;Buona;Ore Diurne;2;0;0;1;12,5141;41,88253;-1;1;Autovettura pubblica;In marcia / fermata / arresto;Conducente;M;Illeso;0;;Utilizzato;Inesploso
2871639;9;23/06/2016 15:20;Strada Urbana;PIAZZA DEI RE DI ROMA;in prossimità;;del civico n.;53;;Scontro laterale fra veicoli in marcia;Rettilineo;Una carreggiata a senso unico di marcia;Asciutto;Asfaltata;Verticale ed orizzontale;Sereno;Normale;Buona;Ore Diurne;2;0;0;1;12,5141;41,88253;-1;2;Ciclomotore con passeggero;In marcia / fermata / arresto;Conducente;F;Rimandato;0;NON DECEDUTO;Utilizzato;