Protocollo;Gruppo;DataOraIncidente;Localizzazione1;STRADA1;Localizzazione2;STRADA2;Strada02;Chilometrica;DaSpecificare;NaturaIncidente;particolaritastrade;TipoStrada;FondoStradale;Pavimentazione;Segnaletica;CondizioneAtmosferica;Traffico;Visibilita;Illuminazione;NUM_FERITI;NUM_RISERVATA;NUM_MORTI;NUM_ILLESI;Longitudine;Latitudine;Confermato;Progressivo;TipoVeicolo;StatoVeicolo;TipoPersona;Sesso;Tipolesione;Deceduto;DecedutoDopo;CinturaCascoUtilizzato;Airbag
2877096;13;27/06/2016 14:55;Strada Urbana;VIA DELLE GONDOLE;all'intersezione con;VIA DEI PANFILI;VIA DEI PANFILI;;;Scontro frontale/laterale DX fra veicoli in marcia;Incrocio;Una carreggiata a senso unico alternato;Asciutto;Asfaltata;Verticale;Sereno;Normale;Buona;Ore Diurne;0;0;0;2;12,27657;41,73541;-1;1;Autovettura di polizia;In marcia / fermata / arresto;Conducente;M;Illeso;0;;Non accertato;
2877096;13;27/06/2016 14:55;Strada Urbana;VIA DELLE GONDOLE;all'intersezione con;VIA DEI PANFILI;VIA DEI PANFILI;;;Scontro frontale/laterale DX fra veicoli in marcia;Incrocio;Una carreggiata a senso unico alternato;Asciutto;Asfaltata;Verticale;Sereno;Normale;Buona;Ore Diurne;0;0;0;2;12,27657;41,73541;-1;2;Autovettura privata;In marcia / fermata / arresto;Conducente;M;Illeso;0;;Non accertato;
2877099;7;27/06/2016 12:15;Strada Urbana;VIALE PALMIRO TOGLIATTI;in prossimità;;del civico n.;482;;Tamponamento Multiplo;Rettilineo;Due carreggiate;Asciutto;Asfaltata;Verticale ed orizzontale;Sereno;Normale;Buona;Ore Diurne;0;0;0;4;12,56924;41,8724;-1;1;Autovettura privata;In marcia / fermata / arresto;Conducente;M;Illeso;0;;Non accertato;Inesploso
2877099;7;27/06/2016 12:15;Strada Urbana;VIALE PALMIRO TOGLIATTI;in prossimità;;del civico n.;482;;Tamponamento Multiplo;Rettilineo;Due carreggiate;Asciutto;Asfaltata;Verticale ed orizzontale;Sereno;Normale;Buona;Ore Diurne;0;0;0;4;12,56924;41,8724;-1;2;Autovettura privata;In marcia / fermata / arresto;Conducente;M;Illeso;0;;Non accertato;Inesploso
2877099;7;27/06/2016 12:15;Strada Urbana;VIALE PALMIRO TOGLIATTI;in prossimità;;del civico n.;482;;Tamponamento Multiplo;Rettilineo;Due carreggiate;Asciutto;Asfaltata;Verticale ed orizzontale;Sereno;Normale;Buona;Ore Diurne;0;0;0;4;12,56924;41,8724;-1;3;Autovettura privata;In marcia / fermata / arresto;Conducente;M;Illeso;0;;;
2877099;7;27/06/2016 12:15;Strada Urbana;VIALE PALMIRO TOGLIATTI;in prossimità;;del civico n.;482;;Tamponamento Multiplo;Rettilineo;Due carreggiate;Asciutto;Asfaltata;Verticale ed orizzontale;Sereno;Normale;Buona;Ore Diurne;0;0;0;4;12,56924;41,8724;-1;4;Autovettura privata;In marcia / fermata / arresto;Conducente;M;Illeso;0;;;
2877124;20;27/06/2016 11:00;Strada Urbana;VIA TUSCANIA;all'intersezione con;VIA FLAMINIA NUOVA;VIA FLAMINIA NUOVA;;;Scontro laterale fra veicoli in marcia;Intersezione stradale segnalata;Una carreggiata a senso unico di marcia;Asciutto;Asfaltata;Verticale;Sereno;Normale;Buona;Ore Diurne;0;0;0;3;12,47185;41,95108;-1;1;Autovettura privata;In marcia / fermata / arresto;Conducente;M;Illeso;0;;Non accertato;Inesploso
2877124;20;27/06/2016 11:00;Strada Urbana;VIA TUSCANIA;all'intersezione con;VIA FLAMINIA NUOVA;VIA FLAMINIA NUOVA;;;Scontro laterale fra veicoli in marcia;Intersezione stradale segnalata;Una carreggiata a senso unico di marcia;Asciutto;Asfaltata;Verticale;Sereno;Normale;Buona;Ore Diurne;0;0;0;3;12,47185;41,95108;-1;1;Autovettura privata;In marcia / fermata / arresto;Passeggero;M;Illeso;0;;Non accertato;Inesploso
2877124;20;27/06/2016 11:00;Strada Urbana;VIA TUSCANIA;all'intersezione con;VIA FLAMINIA NUOVA;VIA FLAMINIA NUOVA;;;Scontro laterale fra veicoli in marcia;Intersezione stradale segnalata;Una carreggiata a senso unico di marcia;Asciutto;Asfaltata;Verticale;Sereno;Normale;Buona;Ore Diurne;0;0;0;3;12,47185;41,95108;-1;2;Autovettura privata;In marcia / fermata / arresto;Conducente;M;Illeso;0;;Non accertato;Inesploso
2877132;19;28/06/2016 00:10;Strada Urbana;VIALE DELLE MEDAGLIE D'ORO;in prossimità;;del civico n.;402;;Infortunio per sola frenata improvvisa;Rettilineo;Una carreggiata a doppio senso;Asciutto;Asfaltata;Orizzontale;Sereno;Scarso;Buona;Sufficiente;2;0;0;2;12,44597;41,92227;-1;1;Motociclo a solo;In marcia / fermata / arresto;Conducente;M;Rimandato;0;NON DECEDUTO;Non accertato;
2877132;19;28/06/2016 00:10;Strada Urbana;VIALE DELLE MEDAGLIE D'ORO;in prossimità;;del civico n.;402;;Infortunio per sola frenata improvvisa;Rettilineo;Una carreggiata a doppio senso;Asciutto;Asfaltata;Orizzontale;Sereno;Scarso;Buona;Sufficiente;2;0;0;2;12,44597;41,92227;-1;1;Motociclo a solo;In marcia / fermata / arresto;Passeggero;F;Rimandato;0;NON DECEDUTO;Non accertato;
2877132;19;28/06/2016 00:10;Strada Urbana;VIALE DELLE MEDAGLIE D'ORO;in prossimità;;del civico n.;402;;Infortunio per sola frenata improvvisa;Rettilineo;Una carreggiata a doppio senso;Asciutto;Asfaltata;Orizzontale;Sereno;Scarso;Buona;Sufficiente;2;0;0;2;12,44597;41,92227;-1;2;Autovettura privata;In marcia / fermata / arresto;Conducente;F;Illeso;0;;Non accertato;Inesploso
2877132;19;28/06/2016 00:10;Strada Urbana;VIALE DELLE MEDAGLIE D'ORO;in prossimità;;del civico n.;402;;Infortunio per sola frenata improvvisa;Rettilineo;Una carreggiata a doppio senso;Asciutto;Asfaltata;Orizzontale;Sereno;Scarso;Buona;Sufficiente;2;0;0;2;12,44597;41,92227;-1;2;Autovettura privata;In marcia / fermata / arresto;Passeggero;M;Illeso;0;;Non accertato;Inesploso
2877143;11;27/06/2016 09:30;Strada Urbana;VIA CRISTOFORO COLOMBO;in prossimità;;del civico n.;191;;Veicolo in marcia contro ostacolo fisso;Rettilineo;Più di due carreggiate;Asciutto;Asfaltata;Verticale ed orizzontale;Sereno;Normale;Buona;Ore Diurne;0;0;0;1;12,49612;41,86646;-1;1;Autovettura privata;In marcia / fermata / arresto;Conducente;M;Illeso;0;;Non accertato;
2877146;20;27/06/2016 18:40;Strada Urbana;VIA DELLA CAMILLUCCIA;in prossimità;;del civico n.;591;;Tamponamento Multiplo;Rettilineo;Una carreggiata a doppio senso;Asciutto;Asfaltata;Verticale ed orizzontale;Sereno;Normale;Buona;Ore Diurne;0;0;0;3;12,45024;41,94416;-1;1;Autovettura privata;In marcia / fermata / arresto;Conducente;M;Illeso;0;;Non accertato;Inesploso
2877146;20;27/06/2016 18:40;Strada Urbana;VIA DELLA CAMILLUCCIA;in prossimità;;del civico n.;591;;Tamponamento Multiplo;Rettilineo;Una carreggiata a doppio senso;Asciutto;Asfaltata;Verticale ed orizzontale;Sereno;Normale;Buona;Ore Diurne;0;0;0;3;12,45024;41,94416;-1;2;Autovettura privata;In marcia / fermata / arresto;Conducente;M;Illeso;0;;Non accertato;Inesploso
2877146;20;27/06/2016 18:40;Strada Urbana;VIA DELLA CAMILLUCCIA;in prossimità;;del civico n.;591;;Tamponamento Multiplo;Rettilineo;Una carreggiata a doppio senso;Asciutto;Asfaltata;Verticale ed orizzontale;Sereno;Normale;Buona;Ore Diurne;0;0;0;3;12,45024;41,94416;-1;3;Autovettura privata;In marcia / fermata / arresto;Conducente;M;Illeso;0;;Non accertato;Inesploso
2877158;11;27/06/2016 17:00;Strada Urbana;VIALE GUGLIELMO MARCONI;da specificare;;;;palo acea 58;Scontro frontale/laterale DX fra veicoli in marcia;Rettilineo;Due carreggiate;Asciutto;Asfaltata;Orizzontale;Sereno;Normale;Buona;Ore Diurne;1;0;0;2;12,47148;41,85669;-1;1;Autovettura privata;In marcia / fermata / arresto;Conducente;M;Illeso;0;;Non accertato;
2877158;11;27/06/2016 17:00;Strada Urbana;VIALE GUGLIELMO MARCONI;da specificare;;;;palo acea 58;Scontro frontale/laterale DX fra veicoli in marcia;Rettilineo;Due carreggiate;Asciutto;Asfaltata;Orizzontale;Sereno;Normale;Buona;Ore Diurne;1;0;0;2;12,47148;41,85669;-1;2;Ciclomotore;In marcia / fermata / arresto;Conducente;M;Rifiuta cure immediate;0;NON DECEDUTO;Non accertato;
2877158;11;27/06/2016 17:00;Strada Urbana;VIALE GUGLIELMO MARCONI;da specificare;;;;palo acea 58;Scontro frontale/laterale DX fra veicoli in marcia;Rettilineo;Due carreggiate;Asciutto;Asfaltata;Orizzontale;Sereno;Normale;Buona;Ore Diurne;1;0;0;2;12,47148;41,85669;-1;2;Ciclomotore;In marcia / fermata / arresto;Passeggero;F;Illeso;0;;Non accertato;
2877161;11;27/06/2016 16:30;Strada Urbana;VIA OSTIENSE;in corrispondenza;;del civico n.;129;;Tamponamento;Rettilineo;Più di due carreggiate;Asciutto;Asfaltata;Verticale ed orizzontale;Sereno;Normale;Buona;Ore Diurne;1;0;0;1;12,47916;41,86541;-1;1;Autovettura privata;In marcia / fermata / arresto;Conducente;M;Illeso;0;;Non accertato;
2877161;11;27/06/2016 16:30;Strada Urbana;VIA OSTIENSE;in corrispondenza;;del civico n.;129;;Tamponamento;Rettilineo;Più di due carreggiate;Asciutto;Asfaltata;Verticale ed orizzontale;Sereno;Normale;Buona;Ore Diurne;1;0;0;1;12,47916;41,86541;-1;2;Motociclo a solo;In marcia / fermata / arresto;Conducente;F;Rimandato;0;NON DECEDUTO;Non accertato;
2877174;17;27/06/2016 09:35;Strada Urbana;VIA CRESCENZIO;in corrispondenza;;del civico n.;91;;Infortunio per sola frenata improvvisa;Rettilineo;Una carreggiata a doppio senso;Asciutto;In cubetti di porfido;Verticale ed orizzontale;Sereno;Intenso;Buona;Ore Diurne;1;0;0;1;12,46056;41,90569;-1;1;Autovettura privata;In marcia / fermata / arresto;Conducente;F;Illeso;0;;Non accertato;Inesploso
2877174;17;27/06/2016 09:35;Strada Urbana;VIA CRESCENZIO;in corrispondenza;;del civico n.;91;;Infortunio per sola frenata improvvisa;Rettilineo;Una carreggiata a doppio senso;Asciutto;In cubetti di porfido;Verticale ed orizzontale;Sereno;Intenso;Buona;Ore Diurne;1;0;0;1;12,46056;41,90569;-1;2;Motociclo a solo;In marcia / fermata / arresto;Conducente;F;Rimandato;0;NON DECEDUTO;Non accertato;
2877184;17;27/06/2016 08:40;Strada Urbana;VIALE DELLO STADIO OLIMPICO;in corrispondenza;;del palo luce n.;50;;Veicolo in marcia contro ostacolo fisso;Rettilineo;Una carreggiata a senso unico di marcia;Asciutto;Asfaltata;Verticale ed orizzontale;Sereno;Normale;Buona;Ore Diurne;0;0;0;1;12,45417;41,9299;-1;1;Autovettura privata;In marcia / fermata / arresto;Conducente;M;Illeso;0;;;
2877192;10;28/06/2016 07:25;Strada Urbana;VIALE ANTONIO CIAMARRA;da specificare;;;;in prossimità di p.za F. Sabatini;Tamponamento Multiplo;Rettilineo;Una carreggiata a senso unico di marcia;Asciutto;Asfaltata;Verticale ed orizzontale;Sereno;Normale;Buona;Ore Diurne;2;0;0;2;12,59114;41,84865;-1;1;Autovettura privata;In marcia / fermata / arresto;Conducente;M;Illeso;0;;Non accertato;Inesploso
2877192;10;28/06/2016 07:25;Strada Urbana;VIALE ANTONIO CIAMARRA;da specificare;;;;in prossimità di p.za F. Sabatini;Tamponamento Multiplo;Rettilineo;Una carreggiata a senso unico di marcia;Asciutto;Asfaltata;Verticale ed orizzontale;Sereno;Normale;Buona;Ore Diurne;2;0;0;2;12,59114;41,84865;-1;2;Autovettura privata;In marcia / fermata / arresto;Conducente;F;Rimandato;0;NON DECEDUTO;Non accertato;Inesploso
2877192;10;28/06/2016 07:25;Strada Urbana;VIALE ANTONIO CIAMARRA;da specificare;;;;in prossimità di p.za F. Sabatini;Tamponamento Multiplo;Rettilineo;Una carreggiata a senso unico di marcia;Asciutto;Asfaltata;Verticale ed orizzontale;Sereno;Normale;Buona;Ore Diurne;2;0;0;2;12,59114;41,84865;-1;2;Autovettura privata;In marcia / fermata / arresto;Passeggero;M;Rimandato;0;NON DECEDUTO;Non accertato;Inesploso
2877192;10;28/06/2016 07:25;Strada Urbana;VIALE ANTONIO CIAMARRA;da specificare;;;;in prossimità di p.za F. Sabatini;Tamponamento Multiplo;Rettilineo;Una carreggiata a senso unico di marcia;Asciutto;Asfaltata;Verticale ed orizzontale;Sereno;Normale;Buona;Ore Diurne;2;0;0;2;12,59114;41,84865;-1;3;Autocarro inferiore 35 q.;In marcia / fermata / arresto;Conducente;M;Illeso;0;;Non accertato;Inesploso
2877216;1;27/06/2016 17:20;Strada Urbana;PORTA S. SEBASTIANO;all'intersezione semaforizzata con;VIALE DELLE MURA LATINE;VIALE DELLE MURA LATINE;;;Scontro laterale fra veicoli in marcia;Intersezione semaforizzata;Una carreggiata a senso unico di marcia;Asciutto;In cubetti di porfido;Verticale ed orizzontale;Sereno;Normale;Buona;Ore Diurne;2;0;0;0;12,49948;41,87687;-1;1;Autovettura privata;In marcia / fermata / arresto;Conducente;M;Rifiuta cure immediate;0;NON DECEDUTO;;
2877216;1;27/06/2016 17:20;Strada Urbana;PORTA S. SEBASTIANO;all'intersezione semaforizzata con;VIALE DELLE MURA LATINE;VIALE DELLE MURA LATINE;;;Scontro laterale fra veicoli in marcia;Intersezione semaforizzata;Una carreggiata a senso unico di marcia;Asciutto;In cubetti di porfido;Verticale ed orizzontale;Sereno;Normale;Buona;Ore Diurne;2;0;0;0;12,49948;41,87687;-1;2;Motociclo a solo;In marcia / fermata / arresto;Conducente;M;Rifiuta cure immediate;0;NON DECEDUTO;;
2877218;2;27/06/2016 15:15;Strada Urbana;VIALE DEL MURO TORTO;in prossimità;;del palo luce n.;38;;Scontro laterale fra veicoli in marcia;Rettilineo;Una carreggiata a senso unico di marcia;Asciutto;Asfaltata;Verticale ed orizzontale;Sereno;Normale;Buona;Ore Diurne;0;0;0;2;12,48328;41,90969;-1;1;Autocarro inferiore 35 q.;In marcia / fermata / arresto;Conducente;M;Illeso;0;;Non accertato;Inesploso
2877218;2;27/06/2016 15:15;Strada Urbana;VIALE DEL MURO TORTO;in prossimità;;del palo luce n.;38;;Scontro laterale fra veicoli in marcia;Rettilineo;Una carreggiata a senso unico di marcia;Asciutto;Asfaltata;Verticale ed orizzontale;Sereno;Normale;Buona;Ore Diurne;0;0;0;2;12,48328;41,90969;-1;2;Autovettura privata;In marcia / fermata / arresto;Conducente;M;Illeso;0;;Non accertato;Inesploso
2877221;2;27/06/2016 17:32;Strada Urbana;VIALE MARESCIALLO PILSUDSKI;in prossimità;;del civico n.;124;;Tamponamento;Rettilineo;Una carreggiata a doppio senso;Asciutto;Asfaltata;Orizzontale;Sereno;Intenso;Buona;Ore Diurne;0;0;0;3;12,48033;41,92836;-1;1;Autovettura privata;In marcia / fermata / arresto;Conducente;M;Illeso;0;;Non accertato;Inesploso
2877221;2;27/06/2016 17:32;Strada Urbana;VIALE MARESCIALLO PILSUDSKI;in prossimità;;del civico n.;124;;Tamponamento;Rettilineo;Una carreggiata a doppio senso;Asciutto;Asfaltata;Orizzontale;Sereno;Intenso;Buona;Ore Diurne;0;0;0;3;12,48033;41,92836;-1;1;Autovettura privata;In marcia / fermata / arresto;Passeggero;M;Illeso;0;;Non accertato;Inesploso
2877221;2;27/06/2016 17:32;Strada Urbana;VIALE MARESCIALLO PILSUDSKI;in prossimità;;del civico n.;124;;Tamponamento;Rettilineo;Una carreggiata a doppio senso;Asciutto;Asfaltata;Orizzontale;Sereno;Intenso;Buona;Ore Diurne;0;0;0;3;12,48033;41,92836;-1;2;Autovettura privata;In marcia / fermata / arresto;Conducente;M;Illeso;0;;Non accertato;Inesploso
2877223;2;27/06/2016 18:55;Strada Urbana;VIA DEL FORO ITALICO;in prossimità;;del palo luce n.;27;;Scontro laterale fra veicoli in marcia;Rettilineo;Due carreggiate;Asciutto;Asfaltata;Orizzontale;Nuvoloso;Intenso;Buona;Ore Diurne;0;0;0;2;12,48375;41,93991;-1;1;Motociclo a solo;In marcia / fermata / arresto;Conducente;M;Illeso;0;;Non accertato;
2877223;2;27/06/2016 18:55;Strada Urbana;VIA DEL FORO ITALICO;in prossimità;;del palo luce n.;27;;Scontro laterale fra veicoli in marcia;Rettilineo;Due carreggiate;Asciutto;Asfaltata;Orizzontale;Nuvoloso;Intenso;Buona;Ore Diurne;0;0;0;2;12,48375;41,93991;-1;2;Autovettura privata;In marcia / fermata / arresto;Conducente;F;Illeso;0;;Non accertato;Inesploso
2877276;17;27/06/2016 10:00;Strada Urbana;VIA CRESCENZIO;all'intersezione con;VIA TIBULLO;VIA TIBULLO;;;Scontro frontale/laterale DX fra veicoli in marcia;Incrocio;Una carreggiata a doppio senso;Asciutto;In cubetti di porfido;Verticale ed orizzontale;Sereno;Normale;Buona;Ore Diurne;1;0;0;1;12,46221;41,90583;-1;1;Motociclo a solo;In marcia / fermata / arresto;Conducente;F;Rimandato;0;NON DECEDUTO;;
2877276;17;27/06/2016 10:00;Strada Urbana;VIA CRESCENZIO;all'intersezione con;VIA TIBULLO;VIA TIBULLO;;;Scontro frontale/laterale DX fra veicoli in marcia;Incrocio;Una carreggiata a doppio senso;Asciutto;In cubetti di porfido;Verticale ed orizzontale;Sereno;Normale;Buona;Ore Diurne;1;0;0;1;12,46221;41,90583;-1;2;Motociclo a solo;In marcia / fermata / arresto;Conducente;M;Illeso;0;;;
2877321;4;27/06/2016 16:35;Strada Urbana;VIA ALBERTO LIONELLO;da specificare;;;;prossimità via Wanda Osiris;Scontro frontale/laterale DX fra veicoli in marcia;Rettilineo;Una carreggiata a doppio senso;Asciutto;Asfaltata;Verticale ed orizzontale;Sereno;Normale;Buona;Ore Diurne;0;0;0;3;12,53772;41,97229;-1;1;Autovettura privata;In marcia / fermata / arresto;Passeggero;F;Illeso;0;;;
2877321;4;27/06/2016 16:35;Strada Urbana;VIA ALBERTO LIONELLO;da specificare;;;;prossimità via Wanda Osiris;Scontro frontale/laterale DX fra veicoli in marcia;Rettilineo;Una carreggiata a doppio senso;Asciutto;Asfaltata;Verticale ed orizzontale;Sereno;Normale;Buona;Ore Diurne;0;0;0;3;12,53772;41,97229;-1;1;Autovettura privata;In marcia / fermata / arresto;Conducente;F;Illeso;0;;;
2877321;4;27/06/2016 16:35;Strada Urbana;VIA ALBERTO LIONELLO;da specificare;;;;prossimità via Wanda Osiris;Scontro frontale/laterale DX fra veicoli in marcia;Rettilineo;Una carreggiata a doppio senso;Asciutto;Asfaltata;Verticale ed orizzontale;Sereno;Normale;Buona;Ore Diurne;0;0;0;3;12,53772;41,97229;-1;2;Autovettura privata;In marcia / fermata / arresto;Conducente;M;Illeso;0;;;
2877345;5;27/06/2016 00:30;Strada Urbana;VIA ALBERTO TRIONFI;in corrispondenza;;del civico n.;7;;Scontro laterale fra veicoli in marcia;Rettilineo;Una carreggiata a senso unico di marcia;Asciutto;Asfaltata;Verticale ed orizzontale;Sereno;Scarso;Buona;Sufficiente;0;0;0;2;12,53387;41,89956;-1;1;Autovettura privata;In marcia / fermata / arresto;Conducente;M;Illeso;0;;Non accertato;Inesploso
2877345;5;27/06/2016 00:30;Strada Urbana;VIA ALBERTO TRIONFI;in corrispondenza;;del civico n.;7;;Scontro laterale fra veicoli in marcia;Rettilineo;Una carreggiata a senso unico di marcia;Asciutto;Asfaltata;Verticale ed orizzontale;Sereno;Scarso;Buona;Sufficiente;0;0;0;2;12,53387;41,89956;-1;1;Autovettura privata;In marcia / fermata / arresto;Passeggero;M;Illeso;0;;Non accertato;Inesistente
2877354;5;27/06/2016 10:50;Strada Urbana;VIALE PALMIRO TOGLIATTI;da specificare;;;;prossimità viale E. Franceschini;Scontro laterale fra veicoli in marcia;Rettilineo;Due carreggiate;Asciutto;Asfaltata;Verticale ed orizzontale;Sereno;Normale;Buona;Ore Diurne;0;0;0;2;12,57243;41,91028;-1;1;Autovettura privata;In marcia / fermata / arresto;Conducente;F;Illeso;0;;Non accertato;Inesploso
2877354;5;27/06/2016 10:50;Strada Urbana;VIALE PALMIRO TOGLIATTI;da specificare;;;;prossimità viale E. Franceschini;Scontro laterale fra veicoli in marcia;Rettilineo;Due carreggiate;Asciutto;Asfaltata;Verticale ed orizzontale;Sereno;Normale;Buona;Ore Diurne;0;0;0;2;12,57243;41,91028;-1;2;Autocarro inferiore 35 q.;In marcia / fermata / arresto;Conducente;M;Illeso;0;;Non accertato;Inesploso
2877367;4;27/06/2016 13:25;Strada Urbana;VIALE JONIO;all'intersezione con;VIA MONTE ROCCHETTA;VIA MONTE ROCCHETTA;;;Scontro frontale/laterale DX fra veicoli in marcia;Incrocio;Due carreggiate;Asciutto;Asfaltata;Verticale ed orizzontale;Sereno;Normale;Buona;Ore Diurne;0;0;0;2;12,53666;41,94396;-1;1;Autovettura privata;In marcia / fermata / arresto;Conducente;M;Illeso;0;;Non accertato;Inesploso
2877367;4;27/06/2016 13:25;Strada Urbana;VIALE JONIO;all'intersezione con;VIA MONTE ROCCHETTA;VIA MONTE ROCCHETTA;;;Scontro frontale/laterale DX fra veicoli in marcia;Incrocio;Due carreggiate;Asciutto;Asfaltata;Verticale ed orizzontale;Sereno;Normale;Buona;Ore Diurne;0;0;0;2;12,53666;41,94396;-1;2;Autocarro inferiore 35 q.;In marcia / fermata / arresto;Conducente;M;Illeso;0;;Non accertato;Inesploso
2877374;4;27/06/2016 11:00;Strada Urbana;VIA PIAN DI SCO;all'intersezione con;VIA GAETANO ZIRARDINI;VIA GAETANO ZIRARDINI;;;Scontro frontale/laterale SX fra veicoli in marcia;Incrocio;Una carreggiata a doppio senso;Asciutto;Asfaltata;Verticale ed orizzontale;Grandine in atto;Intenso;Sufficiente;Ore Diurne;1;0;0;1;12,51844;41,96171;-1;1;Autocarro inferiore 35 q.;In marcia / fermata / arresto;Conducente;M;Illeso;0;;Non accertato;Inesploso
2877374;4;27/06/2016 11:00;Strada Urbana;VIA PIAN DI SCO;all'intersezione con;VIA GAETANO ZIRARDINI;VIA GAETANO ZIRARDINI;;;Scontro frontale/laterale SX fra veicoli in marcia;Incrocio;Una carreggiata a doppio senso;Asciutto;Asfaltata;Verticale ed orizzontale;Grandine in atto;Intenso;Sufficiente;Ore Diurne;1;0;0;1;12,51844;41,96171;-1;2;Ciclomotore;In marcia / fermata / arresto;Conducente;M;Rimandato;0;NON DECEDUTO;;
2877388;1;27/06/2016 12:25;Strada Urbana;VIA GIOVANNI AMENDOLA;all'intersezione con;VIA GIOBERTI;VIA GIOBERTI;;;Scontro frontale/laterale DX fra veicoli in marcia;Incrocio;Una carreggiata a senso unico di marcia;Asciutto;Asfaltata;Verticale ed orizzontale;Sereno;Normale;Buona;Ore Diurne;1;0;0;1;12,49927;41,90031;-1;1;Autovettura pubblica;In marcia / fermata / arresto;Conducente;M;Illeso;0;;;
2877388;1;27/06/2016 12:25;Strada Urbana;VIA GIOVANNI AMENDOLA;all'intersezione con;VIA GIOBERTI;VIA GIOBERTI;;;Scontro frontale/laterale DX fra veicoli in marcia;Incrocio;Una carreggiata a senso unico di marcia;Asciutto;Asfaltata;Verticale ed orizzontale;Sereno;Normale;Buona;Ore Diurne;1;0;0;1;12,49927;41,90031;-1;2;Motociclo a solo;In marcia / fermata / arresto;Conducente;M;Ricoverato;0;NON DECEDUTO;;
2877396;13;27/06/2016 18:00;Strada Urbana;VIA FABIANO LANDI;in prossimità;;del civico n.;108;;Veicolo in marcia contro veicolo in sosta;Rettilineo;Una carreggiata a doppio senso;Asciutto;Asfaltata;Assente;Sereno;Normale;Buona;Ore Diurne;1;0;0;3;12,37488;41,78655;-1;1;Autovettura privata;Sosta;Passeggero;F;Rimandato;0;NON DECEDUTO;Non accertato;
2877396;13;27/06/2016 18:00;Strada Urbana;VIA FABIANO LANDI;in prossimità;;del civico n.;108;;Veicolo in marcia contro veicolo in sosta;Rettilineo;Una carreggiata a doppio senso;Asciutto;Asfaltata;Assente;Sereno;Normale;Buona;Ore Diurne;1;0;0;3;12,37488;41,78655;-1;1;Autovettura privata;Sosta;Passeggero;F;Illeso;0;;Non accertato;
2877396;13;27/06/2016 18:00;Strada Urbana;VIA FABIANO LANDI;in prossimità;;del civico n.;108;;Veicolo in marcia contro veicolo in sosta;Rettilineo;Una carreggiata a doppio senso;Asciutto;Asfaltata;Assente;Sereno;Normale;Buona;Ore Diurne;1;0;0;3;12,37488;41,78655;-1;1;Autovettura privata;Sosta;Passeggero;F;Illeso;0;;Non accertato;
2877396;13;27/06/2016 18:00;Strada Urbana;VIA FABIANO LANDI;in prossimità;;del civico n.;108;;Veicolo in marcia contro veicolo in sosta;Rettilineo;Una carreggiata a doppio senso;Asciutto;Asfaltata;Assente;Sereno;Normale;Buona;Ore Diurne;1;0;0;3;12,37488;41,78655;-1;2;Autocarro inferiore 35 q.;In marcia / fermata / arresto;Conducente;M;Illeso;0;;Non accertato;
2877421;20;28/06/2016 10:00;Strada Urbana;VIALE DEL FORO ITALICO;da specificare;;;;prossimità uscita rampa c. di Francia dir. Stadio ;Tamponamento Multiplo;Rettilineo;Due carreggiate;Asciutto;Asfaltata;Verticale ed orizzontale;Sereno;Normale;Buona;Ore Diurne;0;0;0;2;12,45717;41,93256;-1;1;Autovettura privata;In marcia / fermata / arresto;Conducente;M;Illeso;0;;Non accertato;Inesploso
2877421;20;28/06/2016 10:00;Strada Urbana;VIALE DEL FORO ITALICO;da specificare;;;;prossimità uscita rampa c. di Francia dir. Stadio ;Tamponamento Multiplo;Rettilineo;Due carreggiate;Asciutto;Asfaltata;Verticale ed orizzontale;Sereno;Normale;Buona;Ore Diurne;0;0;0;2;12,45717;41,93256;-1;3;Autovettura privata;In marcia / fermata / arresto;Conducente;M;Illeso;0;;Non accertato;Inesploso
2877433;15;01/06/2016 16:25;Strada Urbana;VIA DELLA CASETTA MATTEI;in corrispondenza;;del civico n.;81;;Veicolo in marcia contro veicolo in sosta;Rettilineo;Una carreggiata a doppio senso;Asciutto;Asfaltata;Orizzontale;Nuvoloso;Normale;Buona;Ore Diurne;0;0;0;1;12,42075;41,8535;-1;1;Autovettura privata;In marcia / fermata / arresto;Conducente;M;Illeso;0;;Non accertato;Inesploso
2877472;16;27/06/2016 07:55;Strada Urbana;VIA AURELIA ANTICA;all'intersezione con;VIA DELLA NOCETTA;VIA DELLA NOCETTA;;;Scontro frontale/laterale SX fra veicoli in marcia;Incrocio;Una carreggiata a doppio senso;Asciutto;Asfaltata;Verticale ed orizzontale;Sereno;Normale;Buona;Ore Diurne;2;0;0;4;12,43494;41,89015;-1;1;Autovettura privata;In marcia / fermata / arresto;Conducente;M;Illeso;0;;Non accertato;
2877472;16;27/06/2016 07:55;Strada Urbana;VIA AURELIA ANTICA;all'intersezione con;VIA DELLA NOCETTA;VIA DELLA NOCETTA;;;Scontro frontale/laterale SX fra veicoli in marcia;Incrocio;Una carreggiata a doppio senso;Asciutto;Asfaltata;Verticale ed orizzontale;Sereno;Normale;Buona;Ore Diurne;2;0;0;4;12,43494;41,89015;-1;1;Autovettura privata;In marcia / fermata / arresto;Passeggero;F;Illeso;0;;;
2877472;16;27/06/2016 07:55;Strada Urbana;VIA AURELIA ANTICA;all'intersezione con;VIA DELLA NOCETTA;VIA DELLA NOCETTA;;;Scontro frontale/laterale SX fra veicoli in marcia;Incrocio;Una carreggiata a doppio senso;Asciutto;Asfaltata;Verticale ed orizzontale;Sereno;Normale;Buona;Ore Diurne;2;0;0;4;12,43494;41,89015;-1;1;Autovettura privata;In marcia / fermata / arresto;Passeggero;M;Illeso;0;;Non accertato;