Protocollo;Gruppo;DataOraIncidente;Localizzazione1;STRADA1;Localizzazione2;STRADA2;Strada02;Chilometrica;DaSpecificare;NaturaIncidente;particolaritastrade;TipoStrada;FondoStradale;Pavimentazione;Segnaletica;CondizioneAtmosferica;Traffico;Visibilita;Illuminazione;NUM_FERITI;NUM_RISERVATA;NUM_MORTI;NUM_ILLESI;Longitudine;Latitudine;Confermato;Progressivo;TipoVeicolo;StatoVeicolo;TipoPersona;Sesso;Tipolesione;Deceduto;DecedutoDopo;CinturaCascoUtilizzato;Airbag
2880545;16;28/06/2016 11:30;Strada Urbana;VIA FEDERICO OZANAM;in prossimità;;del civico n.;24;;Infortunio per sola frenata improvvisa;Rettilineo;Una carreggiata a doppio senso;Asciutto;Asfaltata;Verticale ed orizzontale;Sereno;Normale;Buona;Ore Diurne;1;0;0;0;12,44739;41,87558;-1;1;Motociclo a solo;In marcia / fermata / arresto;Conducente;F;Rimandato;0;NON DECEDUTO;Non accertato;
2880576;17;28/06/2016 18:45;Strada Urbana;LUNGOTEVERE IN SASSIA;all'intersezione semaforizzata con;PONTE VITTORIO EMANUELE II;PONTE VITTORIO EMANUELE II;;;Scontro laterale fra veicoli in marcia;Intersezione semaforizzata;Una carreggiata a senso unico di marcia;Asciutto;Asfaltata;Verticale ed orizzontale;Sereno;Intenso;Buona;Ore Diurne;0;0;0;4;12,46379;41,90154;-1;1;Autovettura pubblica;In marcia / fermata / arresto;Conducente;M;Illeso;0;;Non accertato;Inesploso
2880576;17;28/06/2016 18:45;Strada Urbana;LUNGOTEVERE IN SASSIA;all'intersezione semaforizzata con;PONTE VITTORIO EMANUELE II;PONTE VITTORIO EMANUELE II;;;Scontro laterale fra veicoli in marcia;Intersezione semaforizzata;Una carreggiata a senso unico di marcia;Asciutto;Asfaltata;Verticale ed orizzontale;Sereno;Intenso;Buona;Ore Diurne;0;0;0;4;12,46379;41,90154;-1;1;Autovettura pubblica;In marcia / fermata / arresto;Passeggero;F;Illeso;0;;Non accertato;Inesploso
2880576;17;28/06/2016 18:45;Strada Urbana;LUNGOTEVERE IN SASSIA;all'intersezione semaforizzata con;PONTE VITTORIO EMANUELE II;PONTE VITTORIO EMANUELE II;;;Scontro laterale fra veicoli in marcia;Intersezione semaforizzata;Una carreggiata a senso unico di marcia;Asciutto;Asfaltata;Verticale ed orizzontale;Sereno;Intenso;Buona;Ore Diurne;0;0;0;4;12,46379;41,90154;-1;2;Motociclo con passeggero;In marcia / fermata / arresto;Conducente;M;Illeso;0;;Non accertato;
2880576;17;28/06/2016 18:45;Strada Urbana;LUNGOTEVERE IN SASSIA;all'intersezione semaforizzata con;PONTE VITTORIO EMANUELE II;PONTE VITTORIO EMANUELE II;;;Scontro laterale fra veicoli in marcia;Intersezione semaforizzata;Una carreggiata a senso unico di marcia;Asciutto;Asfaltata;Verticale ed orizzontale;Sereno;Intenso;Buona;Ore Diurne;0;0;0;4;12,46379;41,90154;-1;2;Motociclo con passeggero;In marcia / fermata / arresto;Passeggero;F;Illeso;0;;;
2880591;11;30/06/2016 06:40;Strada Urbana;VIA CRISTOFORO COLOMBO;all'intersezione con;VIA LAURENTINA;VIA LAURENTINA;;;Investimento di pedone;Incrocio;Più di due carreggiate;Asciutto;Asfaltata;Verticale ed orizzontale;Sereno;Normale;Buona;Ore Diurne;1;0;1;0;12,47925;41,84636;-1;;;;Pedone;M;Deceduto durante prime cure;-1;;;
2880591;11;30/06/2016 06:40;Strada Urbana;VIA CRISTOFORO COLOMBO;all'intersezione con;VIA LAURENTINA;VIA LAURENTINA;;;Investimento di pedone;Incrocio;Più di due carreggiate;Asciutto;Asfaltata;Verticale ed orizzontale;Sereno;Normale;Buona;Ore Diurne;1;0;1;0;12,47925;41,84636;-1;1;Motociclo a solo;In marcia / fermata / arresto;Conducente;M;Rimandato;0;NON DECEDUTO;Non accertato;
2880612;12;30/06/2016 17:10;Strada Urbana;VIA DEL PIANETA GIOVE;all'intersezione con;VIALE DELLA GRANDE MURAGLIA;VIALE DELLA GRANDE MURAGLIA;;;Scontro laterale fra veicoli in marcia;Incrocio;Una carreggiata a senso unico di marcia;Asciutto;Asfaltata;Verticale ed orizzontale;Sereno;Normale;Buona;Ore Diurne;0;0;0;5;12,44645;41,81572;-1;1;Autovettura privata;In marcia / fermata / arresto;Conducente;F;Illeso;0;;Utilizzato;Inesploso
2880612;12;30/06/2016 17:10;Strada Urbana;VIA DEL PIANETA GIOVE;all'intersezione con;VIALE DELLA GRANDE MURAGLIA;VIALE DELLA GRANDE MURAGLIA;;;Scontro laterale fra veicoli in marcia;Incrocio;Una carreggiata a senso unico di marcia;Asciutto;Asfaltata;Verticale ed orizzontale;Sereno;Normale;Buona;Ore Diurne;0;0;0;5;12,44645;41,81572;-1;1;Autovettura privata;In marcia / fermata / arresto;Passeggero;M;Illeso;0;;Utilizzato;Inesploso
2880612;12;30/06/2016 17:10;Strada Urbana;VIA DEL PIANETA GIOVE;all'intersezione con;VIALE DELLA GRANDE MURAGLIA;VIALE DELLA GRANDE MURAGLIA;;;Scontro laterale fra veicoli in marcia;Incrocio;Una carreggiata a senso unico di marcia;Asciutto;Asfaltata;Verticale ed orizzontale;Sereno;Normale;Buona;Ore Diurne;0;0;0;5;12,44645;41,81572;-1;1;Autovettura privata;In marcia / fermata / arresto;Passeggero;M;Illeso;0;;Utilizzato;Inesploso
2880612;12;30/06/2016 17:10;Strada Urbana;VIA DEL PIANETA GIOVE;all'intersezione con;VIALE DELLA GRANDE MURAGLIA;VIALE DELLA GRANDE MURAGLIA;;;Scontro laterale fra veicoli in marcia;Incrocio;Una carreggiata a senso unico di marcia;Asciutto;Asfaltata;Verticale ed orizzontale;Sereno;Normale;Buona;Ore Diurne;0;0;0;5;12,44645;41,81572;-1;2;Autovettura di polizia;In marcia / fermata / arresto;Conducente;M;Illeso;0;;Utilizzato;Inesploso
2880612;12;30/06/2016 17:10;Strada Urbana;VIA DEL PIANETA GIOVE;all'intersezione con;VIALE DELLA GRANDE MURAGLIA;VIALE DELLA GRANDE MURAGLIA;;;Scontro laterale fra veicoli in marcia;Incrocio;Una carreggiata a senso unico di marcia;Asciutto;Asfaltata;Verticale ed orizzontale;Sereno;Normale;Buona;Ore Diurne;0;0;0;5;12,44645;41,81572;-1;2;Autovettura di polizia;In marcia / fermata / arresto;Passeggero;M;Illeso;0;;Utilizzato;Inesploso
2880649;15;30/06/2016 10:30;Strada Urbana;VIA PORTUENSE;all'intersezione semaforizzata con;VIA USINI;VIA USINI;;;Scontro frontale/laterale DX fra veicoli in marcia;Intersezione semaforizzata;Una carreggiata a doppio senso;Asciutto;Asfaltata;Verticale ed orizzontale;Sereno;Normale;Buona;Ore Diurne;1;0;0;1;12,40939;41,84342;-1;1;Autovettura privata;In marcia / fermata / arresto;Conducente;M;Illeso;0;;Utilizzato;Inesploso
2880649;15;30/06/2016 10:30;Strada Urbana;VIA PORTUENSE;all'intersezione semaforizzata con;VIA USINI;VIA USINI;;;Scontro frontale/laterale DX fra veicoli in marcia;Intersezione semaforizzata;Una carreggiata a doppio senso;Asciutto;Asfaltata;Verticale ed orizzontale;Sereno;Normale;Buona;Ore Diurne;1;0;0;1;12,40939;41,84342;-1;2;Autovettura privata;In marcia / fermata / arresto;Conducente;F;Rimandato;0;NON DECEDUTO;Utilizzato;Inesploso
2880656;15;30/06/2016 12:45;Strada Urbana;VIALE GUGLIELMO MARCONI;in prossimità;;del civico n.;194;;Investimento di pedone;Rettilineo;Due carreggiate;Asciutto;Asfaltata;Verticale ed orizzontale;Sereno;Normale;Buona;Ore Diurne;1;0;0;1;12,46871;41,86538;-1;;;;Pedone;M;Rimandato;0;NON DECEDUTO;;
2880656;15;30/06/2016 12:45;Strada Urbana;VIALE GUGLIELMO MARCONI;in prossimità;;del civico n.;194;;Investimento di pedone;Rettilineo;Due carreggiate;Asciutto;Asfaltata;Verticale ed orizzontale;Sereno;Normale;Buona;Ore Diurne;1;0;0;1;12,46871;41,86538;-1;1;Autocarro superiore 35 q.;In marcia / fermata / arresto;Conducente;M;Illeso;0;;;
2880682;12;30/06/2016 13:30;Strada Urbana;VIA LAURENTINA;all'intersezione semaforizzata con;VIALE OSCAR SINIGAGLIA;VIALE OSCAR SINIGAGLIA;;;Scontro frontale/laterale DX fra veicoli in marcia;Intersezione semaforizzata;Due carreggiate;Asciutto;Asfaltata;Verticale ed orizzontale;Sereno;Normale;Buona;Ore Diurne;1;0;0;1;12,48136;41,8202;-1;1;Autovettura privata;In marcia / fermata / arresto;Conducente;M;Illeso;0;;Non accertato;Inesistente
2880682;12;30/06/2016 13:30;Strada Urbana;VIA LAURENTINA;all'intersezione semaforizzata con;VIALE OSCAR SINIGAGLIA;VIALE OSCAR SINIGAGLIA;;;Scontro frontale/laterale DX fra veicoli in marcia;Intersezione semaforizzata;Due carreggiate;Asciutto;Asfaltata;Verticale ed orizzontale;Sereno;Normale;Buona;Ore Diurne;1;0;0;1;12,48136;41,8202;-1;2;Autovettura privata;In marcia / fermata / arresto;Conducente;M;Rimandato;0;NON DECEDUTO;Utilizzato;Esploso
2880710;13;28/06/2016 12:55;Strada Urbana;VIA DELLE BALENIERE;da specificare;;;;angolo via delle Isole Figi;Veicolo in marcia contro veicolo in sosta;Rettilineo;Una carreggiata a doppio senso;Asciutto;Asfaltata;Orizzontale;Sereno;Normale;Buona;Ore Diurne;0;0;0;2;12,27948;41,73814;-1;1;Autovettura privata;In marcia / fermata / arresto;Passeggero;F;Illeso;0;;Non accertato;Inesploso
2880710;13;28/06/2016 12:55;Strada Urbana;VIA DELLE BALENIERE;da specificare;;;;angolo via delle Isole Figi;Veicolo in marcia contro veicolo in sosta;Rettilineo;Una carreggiata a doppio senso;Asciutto;Asfaltata;Orizzontale;Sereno;Normale;Buona;Ore Diurne;0;0;0;2;12,27948;41,73814;-1;1;Autovettura privata;In marcia / fermata / arresto;Conducente;M;Illeso;0;;Non accertato;Inesploso
2880845;9;30/06/2016 18:25;Strada Urbana;VIA TUSCOLANA;in prossimità;;del civico n.;267;;Scontro laterale fra veicoli in marcia;Rettilineo;Una carreggiata a doppio senso;Asciutto;Asfaltata;Verticale ed orizzontale;Sereno;Intenso;Buona;Ore Diurne;0;0;0;2;12,52535;41,87735;-1;1;Autovettura privata;In marcia / fermata / arresto;Conducente;M;Illeso;0;;Non accertato;Inesploso
2880845;9;30/06/2016 18:25;Strada Urbana;VIA TUSCOLANA;in prossimità;;del civico n.;267;;Scontro laterale fra veicoli in marcia;Rettilineo;Una carreggiata a doppio senso;Asciutto;Asfaltata;Verticale ed orizzontale;Sereno;Intenso;Buona;Ore Diurne;0;0;0;2;12,52535;41,87735;-1;2;Autovettura pubblica;In marcia / fermata / arresto;Conducente;M;Illeso;0;;Non accertato;Inesploso
2880931;5;30/06/2016 10:00;Strada Urbana;VIA DELLE CAVE DI PIETRALATA;all'intersezione con;VIA DEI DURANTINI;VIA DEI DURANTINI;;;Scontro laterale fra veicoli in marcia;Incrocio;Una carreggiata a senso unico di marcia;Asciutto;Asfaltata;Verticale;Sereno;Normale;Buona;Ore Diurne;0;0;0;2;12,54165;41,9156;-1;1;Autovettura privata;In marcia / fermata / arresto;Conducente;F;Illeso;0;;Non accertato;Inesploso
2880931;5;30/06/2016 10:00;Strada Urbana;VIA DELLE CAVE DI PIETRALATA;all'intersezione con;VIA DEI DURANTINI;VIA DEI DURANTINI;;;Scontro laterale fra veicoli in marcia;Incrocio;Una carreggiata a senso unico di marcia;Asciutto;Asfaltata;Verticale;Sereno;Normale;Buona;Ore Diurne;0;0;0;2;12,54165;41,9156;-1;2;Autocarro inferiore 35 q.;In marcia / fermata / arresto;Conducente;M;Illeso;0;;Non accertato;Inesploso
2880940;11;30/06/2016 07:30;Strada Urbana;VIA DELL'ALMONE;da specificare;;;;fronte civico 16;Scontro frontale/laterale DX fra veicoli in marcia;Rettilineo;Una carreggiata a doppio senso;Asciutto;Asfaltata;Verticale ed orizzontale;Sereno;Normale;Buona;Ore Diurne;1;0;0;1;12,53318;41,8594;-1;1;Autovettura privata;In marcia / fermata / arresto;Conducente;M;Illeso;0;;Non accertato;Inesploso
2880940;11;30/06/2016 07:30;Strada Urbana;VIA DELL'ALMONE;da specificare;;;;fronte civico 16;Scontro frontale/laterale DX fra veicoli in marcia;Rettilineo;Una carreggiata a doppio senso;Asciutto;Asfaltata;Verticale ed orizzontale;Sereno;Normale;Buona;Ore Diurne;1;0;0;1;12,53318;41,8594;-1;2;Motociclo a solo;In marcia / fermata / arresto;Conducente;M;Rimandato;0;NON DECEDUTO;Non accertato;
2880945;5;30/06/2016 11:00;Strada Urbana;VIA TIBURTINA;in prossimità;;del civico n.;417;;Scontro laterale fra veicoli in marcia;Rettilineo;Due carreggiate;Asciutto;Asfaltata;Verticale ed orizzontale;Sereno;Normale;Buona;Ore Diurne;0;0;0;4;12,53711;41,90851;-1;1;Autovettura privata;In marcia / fermata / arresto;Passeggero;F;Illeso;0;;Non accertato;Inesploso
2880945;5;30/06/2016 11:00;Strada Urbana;VIA TIBURTINA;in prossimità;;del civico n.;417;;Scontro laterale fra veicoli in marcia;Rettilineo;Due carreggiate;Asciutto;Asfaltata;Verticale ed orizzontale;Sereno;Normale;Buona;Ore Diurne;0;0;0;4;12,53711;41,90851;-1;1;Autovettura privata;In marcia / fermata / arresto;Passeggero;M;Illeso;0;;Non accertato;Inesploso
2880945;5;30/06/2016 11:00;Strada Urbana;VIA TIBURTINA;in prossimità;;del civico n.;417;;Scontro laterale fra veicoli in marcia;Rettilineo;Due carreggiate;Asciutto;Asfaltata;Verticale ed orizzontale;Sereno;Normale;Buona;Ore Diurne;0;0;0;4;12,53711;41,90851;-1;1;Autovettura privata;In marcia / fermata / arresto;Conducente;M;Illeso;0;;Non accertato;Inesploso
2880945;5;30/06/2016 11:00;Strada Urbana;VIA TIBURTINA;in prossimità;;del civico n.;417;;Scontro laterale fra veicoli in marcia;Rettilineo;Due carreggiate;Asciutto;Asfaltata;Verticale ed orizzontale;Sereno;Normale;Buona;Ore Diurne;0;0;0;4;12,53711;41,90851;-1;2;Autovettura privata;In marcia / fermata / arresto;Conducente;M;Illeso;0;;Non accertato;Inesploso
2880951;5;30/06/2016 13:05;Strada Urbana;VIA DEI MONTI DI PIETRALATA;in prossimità;;del civico n.;16;;Investimento di pedone;Rettilineo;Una carreggiata a doppio senso;Asciutto;Asfaltata;Verticale ed orizzontale;Sereno;Scarso;Buona;Ore Diurne;1;0;0;1;12,53698;41,91072;-1;;;;Pedone;M;Rimandato;0;NON DECEDUTO;;
2880951;5;30/06/2016 13:05;Strada Urbana;VIA DEI MONTI DI PIETRALATA;in prossimità;;del civico n.;16;;Investimento di pedone;Rettilineo;Una carreggiata a doppio senso;Asciutto;Asfaltata;Verticale ed orizzontale;Sereno;Scarso;Buona;Ore Diurne;1;0;0;1;12,53698;41,91072;-1;1;Autocarro inferiore 35 q.;In marcia / fermata / arresto;Conducente;M;Illeso;0;;Non accertato;Inesistente
2880972;13;30/06/2016 11:40;Strada Urbana;VIA DELLE AZZORRE;in prossimità;;del civico n.;307;;Veicolo in marcia contro veicolo in sosta;Rettilineo;Due carreggiate;Asciutto;Asfaltata;Orizzontale;Sereno;Scarso;Buona;Ore Diurne;1;0;0;0;12,26966;41,74045;-1;2;Velocipede;In marcia / fermata / arresto;Conducente;M;Rimandato;0;NON DECEDUTO;Esente;
2880987;8;30/06/2016 07:10;Strada Urbana;VIA MAGLIE;all'intersezione con;VIA SQUINZANO;VIA SQUINZANO;;;Scontro laterale fra veicoli in marcia;Incrocio;Una carreggiata a senso unico di marcia;Asciutto;Asfaltata;Verticale;Sereno;Normale;Buona;Ore Diurne;0;0;0;2;12,61597;41,88352;-1;1;Autovettura privata;In marcia / fermata / arresto;Conducente;M;Illeso;0;;Non accertato;Inesploso
2880987;8;30/06/2016 07:10;Strada Urbana;VIA MAGLIE;all'intersezione con;VIA SQUINZANO;VIA SQUINZANO;;;Scontro laterale fra veicoli in marcia;Incrocio;Una carreggiata a senso unico di marcia;Asciutto;Asfaltata;Verticale;Sereno;Normale;Buona;Ore Diurne;0;0;0;2;12,61597;41,88352;-1;2;Autovettura privata;In marcia / fermata / arresto;Conducente;M;Illeso;0;;Non accertato;Inesploso
2880995;11;30/06/2016 18:00;Strada Urbana;VIA ACCADEMIA DEGLI AGIATI;in prossimità;;del palo luce n.;5;;Scontro laterale fra veicoli in marcia;Rettilineo;Una carreggiata a senso unico di marcia;Asciutto;Asfaltata;Verticale ed orizzontale;Sereno;Normale;Buona;Ore Diurne;0;0;0;3;12,48879;41,85201;-1;1;Autovettura privata;In marcia / fermata / arresto;Conducente;M;Illeso;0;;Non accertato;Inesploso
2880995;11;30/06/2016 18:00;Strada Urbana;VIA ACCADEMIA DEGLI AGIATI;in prossimità;;del palo luce n.;5;;Scontro laterale fra veicoli in marcia;Rettilineo;Una carreggiata a senso unico di marcia;Asciutto;Asfaltata;Verticale ed orizzontale;Sereno;Normale;Buona;Ore Diurne;0;0;0;3;12,48879;41,85201;-1;2;Autovettura privata;In marcia / fermata / arresto;Conducente;F;Illeso;0;;Non accertato;Inesploso
2880995;11;30/06/2016 18:00;Strada Urbana;VIA ACCADEMIA DEGLI AGIATI;in prossimità;;del palo luce n.;5;;Scontro laterale fra veicoli in marcia;Rettilineo;Una carreggiata a senso unico di marcia;Asciutto;Asfaltata;Verticale ed orizzontale;Sereno;Normale;Buona;Ore Diurne;0;0;0;3;12,48879;41,85201;-1;2;Autovettura privata;In marcia / fermata / arresto;Passeggero;M;Illeso;0;;Non accertato;Inesploso
2880998;8;30/06/2016 08:20;Provinciale entro l'abitato;VIA PRENESTINA;da specificare;;;;altezza VIA DELL'ACQUA VERGINE;Infortunio per caduta del veicolo;Rettilineo;Una carreggiata a doppio senso;Asciutto;Asfaltata;Verticale ed orizzontale;Sereno;Intenso;Buona;Ore Diurne;1;0;0;1;12,6069;41,89378;-1;1;Autovettura privata;In marcia / fermata / arresto;Conducente;M;Illeso;0;;Non accertato;Inesploso
2880998;8;30/06/2016 08:20;Provinciale entro l'abitato;VIA PRENESTINA;da specificare;;;;altezza VIA DELL'ACQUA VERGINE;Infortunio per caduta del veicolo;Rettilineo;Una carreggiata a doppio senso;Asciutto;Asfaltata;Verticale ed orizzontale;Sereno;Intenso;Buona;Ore Diurne;1;0;0;1;12,6069;41,89378;-1;2;Ciclomotore;In marcia / fermata / arresto;Conducente;M;Rimandato;0;NON DECEDUTO;Non accertato;
2881005;8;30/06/2016 08:40;Strada Urbana;VIA DI SALONE;da specificare;;;;altezza PONTE ANIENE;Tamponamento Multiplo;Rettilineo;Una carreggiata a doppio senso;Asciutto;Asfaltata;Assente;Sereno;Normale;Buona;Ore Diurne;2;0;0;3;12,62631;41,93187;-1;1;Autocarro inferiore 35 q.;In marcia / fermata / arresto;Conducente;M;Illeso;0;;;
2881005;8;30/06/2016 08:40;Strada Urbana;VIA DI SALONE;da specificare;;;;altezza PONTE ANIENE;Tamponamento Multiplo;Rettilineo;Una carreggiata a doppio senso;Asciutto;Asfaltata;Assente;Sereno;Normale;Buona;Ore Diurne;2;0;0;3;12,62631;41,93187;-1;1;Autocarro inferiore 35 q.;In marcia / fermata / arresto;Passeggero;F;Rimandato;0;NON DECEDUTO;;
2881005;8;30/06/2016 08:40;Strada Urbana;VIA DI SALONE;da specificare;;;;altezza PONTE ANIENE;Tamponamento Multiplo;Rettilineo;Una carreggiata a doppio senso;Asciutto;Asfaltata;Assente;Sereno;Normale;Buona;Ore Diurne;2;0;0;3;12,62631;41,93187;-1;2;Autovettura privata;In marcia / fermata / arresto;Conducente;M;Rimandato;0;NON DECEDUTO;;
2881005;8;30/06/2016 08:40;Strada Urbana;VIA DI SALONE;da specificare;;;;altezza PONTE ANIENE;Tamponamento Multiplo;Rettilineo;Una carreggiata a doppio senso;Asciutto;Asfaltata;Assente;Sereno;Normale;Buona;Ore Diurne;2;0;0;3;12,62631;41,93187;-1;3;Autovettura privata;In marcia / fermata / arresto;Conducente;M;Illeso;0;;;
2881005;8;30/06/2016 08:40;Strada Urbana;VIA DI SALONE;da specificare;;;;altezza PONTE ANIENE;Tamponamento Multiplo;Rettilineo;Una carreggiata a doppio senso;Asciutto;Asfaltata;Assente;Sereno;Normale;Buona;Ore Diurne;2;0;0;3;12,62631;41,93187;-1;4;Autovettura privata;In marcia / fermata / arresto;Conducente;M;Illeso;0;;Non accertato;Inesploso
2881008;5;30/06/2016 20:00;Strada Urbana;VIA DI PORTONACCIO;in prossimità;;del civico n.;88;;Tamponamento;Rettilineo;Una carreggiata a senso unico di marcia;Asciutto;Asfaltata;Orizzontale;Sereno;Normale;Buona;Ore Diurne;1;0;0;1;12,53667;41,9012;-1;1;Autovettura privata;In marcia / fermata / arresto;Conducente;M;Illeso;0;;;
2881008;5;30/06/2016 20:00;Strada Urbana;VIA DI PORTONACCIO;in prossimità;;del civico n.;88;;Tamponamento;Rettilineo;Una carreggiata a senso unico di marcia;Asciutto;Asfaltata;Orizzontale;Sereno;Normale;Buona;Ore Diurne;1;0;0;1;12,53667;41,9012;-1;2;Motociclo a solo;In marcia / fermata / arresto;Conducente;M;Rimandato;0;NON DECEDUTO;;
2881009;8;30/06/2016 13:30;Statale entro l'abitato;VIA CASILINA;in prossimità;;del civico n.;1342;;Tamponamento Multiplo;Rettilineo;Una carreggiata a doppio senso;Asciutto;Asfaltata;Verticale ed orizzontale;Sereno;Normale;Buona;Ore Diurne;1;0;0;3;12,61073;41,86371;-1;1;Autocarro inferiore 35 q.;In marcia / fermata / arresto;Conducente;M;Illeso;0;;Non accertato;Inesploso
2881009;8;30/06/2016 13:30;Statale entro l'abitato;VIA CASILINA;in prossimità;;del civico n.;1342;;Tamponamento Multiplo;Rettilineo;Una carreggiata a doppio senso;Asciutto;Asfaltata;Verticale ed orizzontale;Sereno;Normale;Buona;Ore Diurne;1;0;0;3;12,61073;41,86371;-1;2;Autovettura privata;In marcia / fermata / arresto;Conducente;F;Ricoverato;0;NON DECEDUTO;Non accertato;Inesploso
2881009;8;30/06/2016 13:30;Statale entro l'abitato;VIA CASILINA;in prossimità;;del civico n.;1342;;Tamponamento Multiplo;Rettilineo;Una carreggiata a doppio senso;Asciutto;Asfaltata;Verticale ed orizzontale;Sereno;Normale;Buona;Ore Diurne;1;0;0;3;12,61073;41,86371;-1;2;Autovettura privata;In marcia / fermata / arresto;Passeggero;M;Illeso;0;;Non utilizzato;Inesploso
2881009;8;30/06/2016 13:30;Statale entro l'abitato;VIA CASILINA;in prossimità;;del civico n.;1342;;Tamponamento Multiplo;Rettilineo;Una carreggiata a doppio senso;Asciutto;Asfaltata;Verticale ed orizzontale;Sereno;Normale;Buona;Ore Diurne;1;0;0;3;12,61073;41,86371;-1;3;Autovettura privata;In marcia / fermata / arresto;Conducente;M;Illeso;0;;Non accertato;Inesploso
2881013;8;30/06/2016 16:30;Strada Urbana;VIA DELL'AQUILA REALE;in prossimità;;del civico n.;14;;Veicolo in marcia contro veicolo arresto;Rettilineo;Una carreggiata a doppio senso;Asciutto;Asfaltata;Verticale ed orizzontale;Sereno;Intenso;Buona;Ore Diurne;0;0;0;3;12,59628;41,86573;-1;1;Autovettura privata;In marcia / fermata / arresto;Conducente;F;Illeso;0;;Non accertato;Inesploso
2881013;8;30/06/2016 16:30;Strada Urbana;VIA DELL'AQUILA REALE;in prossimità;;del civico n.;14;;Veicolo in marcia contro veicolo arresto;Rettilineo;Una carreggiata a doppio senso;Asciutto;Asfaltata;Verticale ed orizzontale;Sereno;Intenso;Buona;Ore Diurne;0;0;0;3;12,59628;41,86573;-1;1;Autovettura privata;In marcia / fermata / arresto;Passeggero;M;Illeso;0;;Non accertato;Inesploso
2881013;8;30/06/2016 16:30;Strada Urbana;VIA DELL'AQUILA REALE;in prossimità;;del civico n.;14;;Veicolo in marcia contro veicolo arresto;Rettilineo;Una carreggiata a doppio senso;Asciutto;Asfaltata;Verticale ed orizzontale;Sereno;Intenso;Buona;Ore Diurne;0;0;0;3;12,59628;41,86573;-1;2;Autovettura privata;Allontanatosi;Conducente;F;Illeso;0;;;
2881017;8;30/06/2016 20:00;Strada Urbana;VIA SCICLI;all'intersezione con;VIA PARTANNA;VIA PARTANNA;;;Scontro laterale fra veicoli in marcia;Incrocio;Una carreggiata a doppio senso;Asciutto;Asfaltata;Verticale;Sereno;Scarso;Buona;Ore Diurne;2;0;0;1;12,65454;41,86716;-1;1;Autovettura privata;In marcia / fermata / arresto;Conducente;M;Rimandato;0;NON DECEDUTO;Non accertato;Inesploso
2881017;8;30/06/2016 20:00;Strada Urbana;VIA SCICLI;all'intersezione con;VIA PARTANNA;VIA PARTANNA;;;Scontro laterale fra veicoli in marcia;Incrocio;Una carreggiata a doppio senso;Asciutto;Asfaltata;Verticale;Sereno;Scarso;Buona;Ore Diurne;2;0;0;1;12,65454;41,86716;-1;2;Autovettura privata;In marcia / fermata / arresto;Conducente;M;Illeso;0;;Non accertato;Inesploso
2881017;8;30/06/2016 20:00;Strada Urbana;VIA SCICLI;all'intersezione con;VIA PARTANNA;VIA PARTANNA;;;Scontro laterale fra veicoli in marcia;Incrocio;Una carreggiata a doppio senso;Asciutto;Asfaltata;Verticale;Sereno;Scarso;Buona;Ore Diurne;2;0;0;1;12,65454;41,86716;-1;2;Autovettura privata;In marcia / fermata / arresto;Passeggero;F;Rimandato;0;NON DECEDUTO;Non accertato;Inesploso
2881021;9;30/06/2016 18:00;Strada Urbana;VIA CILICIA;in prossimità;;del civico n.;6;;Infortunio per caduta del veicolo;Rettilineo;Due carreggiate;Asciutto;Asfaltata;Orizzontale;Sereno;Normale;Buona;Ore Diurne;1;0;0;0;12,50587;41,87387;-1;1;Motociclo a solo;In marcia / fermata / arresto;Conducente;M;Rimandato;0;NON DECEDUTO;Non accertato;
2881030;5;30/06/2016 21:20;Strada Urbana;LARGO ANTONIO BELTRAMELLI;in prossimità;;del civico n.;25;;Veicolo in marcia contro veicolo fermo;Rettilineo;Una carreggiata a senso unico di marcia;Asciutto;Asfaltata;Verticale ed orizzontale;Sereno;Normale;Sufficiente;Sufficiente;0;0;0;3;12,53831;41,91028;-1;1;Autovettura privata;In marcia / fermata / arresto;Conducente;M;Illeso;0;;Non accertato;
2881030;5;30/06/2016 21:20;Strada Urbana;LARGO ANTONIO BELTRAMELLI;in prossimità;;del civico n.;25;;Veicolo in marcia contro veicolo fermo;Rettilineo;Una carreggiata a senso unico di marcia;Asciutto;Asfaltata;Verticale ed orizzontale;Sereno;Normale;Sufficiente;Sufficiente;0;0;0;3;12,53831;41,91028;-1;2;Autovettura privata;In marcia / fermata / arresto;Conducente;M;Illeso;0;;Non accertato;
2881030;5;30/06/2016 21:20;Strada Urbana;LARGO ANTONIO BELTRAMELLI;in prossimità;;del civico n.;25;;Veicolo in marcia contro veicolo fermo;Rettilineo;Una carreggiata a senso unico di marcia;Asciutto;Asfaltata;Verticale ed orizzontale;Sereno;Normale;Sufficiente;Sufficiente;0;0;0;3;12,53831;41,91028;-1;2;Autovettura privata;In marcia / fermata / arresto;Passeggero;F;Illeso;0;;Non accertato;
2881048;11;30/06/2016 21:00;Strada Urbana;VIA CRISTOFORO COLOMBO;in corrispondenza;;del palo luce n.;186;;Veicolo in marcia contro ostacolo fisso;Rettilineo;Più di due carreggiate;Asciutto;Asfaltata;Verticale ed orizzontale;Sereno;Normale;Buona;Sufficiente;1;0;0;0;12,49725;41,86474;-1;1;Motociclo a solo;In marcia / fermata / arresto;Conducente;M;Ricoverato;0;NON DECEDUTO;Non accertato;